{
    "prepare_queue": {
        "installed": [],
        "uninstalled": []
    },
    "config_munge": {
        "files": {
            "res/xml/config.xml": {
                "parents": {
                    "/*": [
                        {
                            "xml": "<feature name=\"Device\"><param name=\"android-package\" value=\"org.apache.cordova.device.Device\" /></feature>",
                            "count": 1
                        },
                        {
                            "xml": "<feature name=\"SplashScreen\"><param name=\"android-package\" value=\"org.apache.cordova.splashscreen.SplashScreen\" /><param name=\"onload\" value=\"true\" /></feature>",
                            "count": 1
                        },
                        {
                            "xml": "<feature name=\"StatusBar\"><param name=\"android-package\" value=\"org.apache.cordova.statusbar.StatusBar\" /><param name=\"onload\" value=\"true\" /></feature>",
                            "count": 1
                        },
                        {
                            "xml": "<feature name=\"Whitelist\"><param name=\"android-package\" value=\"org.apache.cordova.whitelist.WhitelistPlugin\" /><param name=\"onload\" value=\"true\" /></feature>",
                            "count": 1
                        },
                        {
                            "xml": "<feature name=\"Keyboard\"><param name=\"android-package\" value=\"io.ionic.keyboard.IonicKeyboard\" /><param name=\"onload\" value=\"true\" /></feature>",
                            "count": 1
                        }
                    ]
                }
            }
        }
    },
    "installed_plugins": {
        "cordova-plugin-console": {
            "PACKAGE_NAME": "com.ionicframework.mygooglemapapp278136"
        },
        "cordova-plugin-device": {
            "PACKAGE_NAME": "com.ionicframework.mygooglemapapp278136"
        },
        "cordova-plugin-splashscreen": {
            "PACKAGE_NAME": "com.ionicframework.mygooglemapapp278136"
        },
        "cordova-plugin-statusbar": {
            "PACKAGE_NAME": "com.ionicframework.mygooglemapapp278136"
        },
        "cordova-plugin-whitelist": {
            "PACKAGE_NAME": "com.ionicframework.mygooglemapapp278136"
        },
        "ionic-plugin-keyboard": {
            "PACKAGE_NAME": "com.ionicframework.mygooglemapapp278136"
        }
    },
    "dependent_plugins": {},
    "modules": [
        {
            "file": "plugins/cordova-plugin-device/www/device.js",
            "id": "cordova-plugin-device.device",
            "clobbers": [
                "device"
            ]
        },
        {
            "file": "plugins/cordova-plugin-splashscreen/www/splashscreen.js",
            "id": "cordova-plugin-splashscreen.SplashScreen",
            "clobbers": [
                "navigator.splashscreen"
            ]
        },
        {
            "file": "plugins/cordova-plugin-statusbar/www/statusbar.js",
            "id": "cordova-plugin-statusbar.statusbar",
            "clobbers": [
                "window.StatusBar"
            ]
        },
        {
            "file": "plugins/cordova-plugin-whitelist/whitelist.js",
            "id": "cordova-plugin-whitelist.whitelist",
            "runs": true
        },
        {
            "file": "plugins/ionic-plugin-keyboard/www/android/keyboard.js",
            "id": "ionic-plugin-keyboard.keyboard",
            "clobbers": [
                "cordova.plugins.Keyboard"
            ],
            "runs": true
        }
    ]
}